sensor_id,zona,total_lecturas,temp_promedio,temp_maxima,temp_minima,humedad_promedio,horas_luz
S001,Norte,288,24.15277777777778,34.8,15.1,51.575694444444444,156
S002,Sur,288,23.894791666666666,35.0,15.1,52.03819444444444,156
S003,Este,288,23.9,35.0,15.0,52.37638888888889,156
S004,Oeste,288,24.07638888888889,35.0,15.0,51.78125,156
S005,Centro,288,24.02673611111111,34.9,15.1,51.97361111111111,156
